{"cameraMode":{"drawMode":0,"name":"Shaded","section":"Shading Mode"},"sceneLighting":true,"audioPlay":false,"sceneViewState":{"m_AlwaysRefresh":false,"showFog":true,"showSkybox":true,"showFlares":true,"showImageEffects":true,"showParticleSystems":true,"showVisualEffectGraphs":true,"m_FxEnabled":true},"in2DMode":false,"pivot":{"x":13.226698875427246,"y":3.3600001335144045,"z":-0.05000019073486328},"rotation":{"x":0.08703292161226273,"y":0.8113308548927307,"z":-0.1251114457845688,"w":0.5643961429595947},"size":13.503379821777344,"orthographic":true}