{"cameraMode":{"drawMode":0,"name":"Shaded","section":"Shading Mode"},"sceneLighting":true,"audioPlay":false,"sceneViewState":{"m_AlwaysRefresh":false,"showFog":true,"showSkybox":true,"showFlares":true,"showImageEffects":true,"showParticleSystems":true,"showVisualEffectGraphs":true,"m_FxEnabled":true},"in2DMode":false,"pivot":{"x":10.640000343322754,"y":3.302151918411255,"z":-3.9985692501068117},"rotation":{"x":0.17816194891929627,"y":-0.48764654994010928,"z":0.1025037169456482,"w":0.8486093878746033},"size":4.882093906402588,"orthographic":true}