{"cameraMode":{"drawMode":0,"name":"Shaded","section":"Shading Mode"},"sceneLighting":true,"audioPlay":false,"sceneViewState":{"m_AlwaysRefresh":false,"showFog":true,"showSkybox":true,"showFlares":true,"showImageEffects":true,"showParticleSystems":true,"showVisualEffectGraphs":true,"m_FxEnabled":true},"in2DMode":false,"pivot":{"x":13.226698875427246,"y":3.3600001335144045,"z":-0.05000019073486328},"rotation":{"x":0.020772669464349748,"y":0.9791536331176758,"z":-0.13599319756031037,"w":0.14977994561195374},"size":9.68149185180664,"orthographic":true}