{"cameraMode":{"drawMode":0,"name":"Shaded","section":"Shading Mode"},"sceneLighting":true,"audioPlay":false,"sceneViewState":{"m_AlwaysRefresh":false,"showFog":true,"showSkybox":true,"showFlares":true,"showImageEffects":true,"showParticleSystems":true,"showVisualEffectGraphs":true,"m_FxEnabled":true},"in2DMode":false,"pivot":{"x":15.363182067871094,"y":6.462151527404785,"z":-5.368568420410156},"rotation":{"x":-0.011919539421796799,"y":0.936752438545227,"z":-0.34832483530044558,"w":-0.03205260634422302},"size":106.17189025878906,"orthographic":true}